liman_turk_adi;liman_turk_kodu
ALANYA DEMÝR MEVKÝÝ;TRALA-001
ALANYA ÝSKELESÝ;TRALA-002
AYTEMÝZ AKARYAKIT ALANYA DOLUM TESÝSÝ;TRALA-003
GAZÝPAÞA BALIK YÜKLEME DEMÝRÝ;TRALA-004
ALANYA MARÝNA;TRALA-005
ALPET TÜRKÝYE A.Þ. ALÝAÐA TERMÝNALÝ;TRALI-001
APM TERMÝNALS KONTEYNER TERMÝNALÝ;TRALI-002
BATILÝMAN LÝMAN ÝÞLETMESÝ;TRALI-003
EGE ÇELÝK LÝMANI;TRALI-004
EGE GAZ A.Þ. PLATFORM-ÝSKELESÝ;TRALI-005
EGE GÜBRE LÝMAN TESÝSÝ;TRALI-006
ETKÝ LÝMANI;TRALI-007
HABAÞ NEMRUT LÝMANI;TRALI-008
ÝDÇ NEMRUT LÝMANI;TRALI-009
NEMPORT ÝSKELESÝ;TRALI-010
NEMRUT PLATFORMU;TRALI-011
PETKÝM LÝMANI;TRALI-012
SOCAR TURKEY AKARYAKIT DEPOLAMA ALÝAÐA ÞUBESÝ;TRALI-013
GÜZEL ENERJÝ AKARYAKIT A.Þ. ALÝAÐA TESÝSÝ;TRALI-014
TÜPRAÞ-ALÝAÐA TERMÝNALÝ;TRALI-015
ALÝAÐA GEMÝ SÖKÜM BÖLGESÝ;TRALI-016
NEMRUT KÖRFEZÝ DEMÝRLEME SAHASI;TRALI-017
STAR RAFÝNERÝ LÝMAN TESÝSÝ;TRALI-018
1 NOLU DEMÝR (AKARYAKIT, ASKERÝ TANKER);TRALI-019
2 NOLU DEMÝR SAHASI;TRALI-020
3 NOLU DEMÝR SAHASI (TEHLÝKELÝ);TRALI-021
4 NOLU DEMÝR SAHASI;TRALI-022
5 NOLU DEMÝR SAHASI;TRALI-023
6 NOLU DEMÝR SAHASI (TEHLÝKELÝ);TRALI-024
GEMÝ SÖKÜM DEMÝR SAHASI;TRALI-025
8 NOLU DEMÝR SAHASI (TEHLÝKELÝ);TRALI-026
KURUCAÞÝLE BALIKÇI BARINAÐI;TRAMA-001
AKKONAK ÝSKELESÝ;TRAMA-002
AMASRA LÝMANI;TRAMA-003
DEMÝRLEME SAHASI 1;TRAMA-004
DEMÝRLEME SAHASI 2;TRAMA-005
AKÇANSA AMBARLI LÝMANI;TRAMB-001
AMBARLI DEPOLAMA VE DOLUM TERMÝNALÝ;TRAMB-002
AMBARLI LÝMAN TESÝSLERÝ MARDAÞ ÝSKELESÝ;TRAMB-003
AYGAZ A.Þ. AMBARLI TERMÝNALÝ;TRAMB-004
KUMPORT LÝMANI;TRAMB-005
KURUYÜK DEMÝR ALANI;TRAMB-006
MARPORT KONTEYNER TERMÝNALÝ;TRAMB-007
HARAMÝDERE TERMÝNALÝ;TRAMB-008
TEHLÝKELÝ YÜK DEMÝR ALANI;TRAMB-009
WEST ÝSTANBUL MARÝNA;TRAMB-010
AVCILAR ÝDO TERMÝNALÝ;TRAMB-011
MÝMARSÝNAN BALIKÇI BARINAÐI ÝSKELESÝ;TRAMB-012
BÜYÜKÇEKMECE BALIKÇI BARINAÐI;TRAMB-013
GÜZELCE BALIKÇI BARINAÐI;TRAMB-014
AVCILAR BALIKÇI BARINAÐI;TRAMB-015
GÜRPINAR BALIKÇI BARINAÐI;TRAMB-016
KIYI ÝSTANBUL MARÝNA;TRAMB-017
DEMÝRLEME SAHASI;TRANA-001
FERÝBOT VE DENÝZ UÇAÐI ÝSKELESÝ;TRANA-002
AKDENÝZ AKARYAKIT DEPOLAMA NAKLÝYAT VE TÝC. A.Þ.;TRAYT-001
ANTALYA SERBEST BÖLGESÝ ASBAÞ LÝMANI 11 NOLU RIHTIM (ASBAÞ RIHTIM;TRAYT-002
ÇEKÝSAN ANTALYA TERMÝNALÝ;TRAYT-003
KALEÝÇÝ YAT LÝMANI;TRAYT-004
PETROL OFÝSÝ A.Þ. ANTALYA TERMÝNALÝ;TRAYT-005
PORT AKDENÝZ ANTALYA LÝMANI;TRAYT-006
SHELLTURCAS ANTALYA TERMÝNALÝ;TRAYT-007
NATO DOLUM TESÝSÝ;TRAYT-008
ANTALYA SERBEST BÖLGESÝ ASBAÞ LÝMANI;TRAYT-009
1 NOLU DEMÝRLEME SAHASI;TRAYT-010
2 NOLU DEMÝRLEME SAHASI;TRAYT-011
3 NOLU DEMÝRLEME SAHASI;TRAYT-012
AYVALIK YAT LÝMANI;TRAYV-001
BAGFAÞ BANDIRMA LÝMANI;TRBDM-001
ÇELEBÝ BANDIRMA LÝMANI;TRBDM-002
ÝDO BANDIRMA ÝSKELESÝ;TRBDM-003
ÝSA BALABAN;TRBDM-004
AE GEMÝ VE TERSANECÝLÝK;TRBDM-005
ÝLYAS KÖROÐLU (KARDEÞLER DENÝZCÝLÝK);TRBDM-006
BALABAN KARDEÞLER GEMÝ SAN. NAK. GIDA TUR. TÝC. LTD. ÞTÝ.;TRBDM-007
1 NOLU DEMÝRLEME SAHASI;TRBDM-008
2 NOLU DEMÝRLEME SAHASI (TEHLÝKELÝ);TRBDM-009
3 NOLU DEMÝRLEME SAHASI;TRBDM-010
BARTIN LÝMANI;TRBTN-002
BARTIN DEMÝR YERÝ 1;TRBTN-003
BARTIN DEMÝR YERÝ 2  (TEHLÝKELÝ YÜK);TRBTN-004
BODRUM MÝLTA MARÝNA;TRBXN-001
BODRUM YOLCU ÝSKELESÝ;TRBXN-002
MUÐLA BÜYÜKÞEHÝR BELEDÝYESÝ BODRUM YAT LÝMANI;TRBXN-005
1 NOLU DEMÝRLEME SAHASI;TRBXN-006
2 NOLU DEMÝRLEME SAHASI;TRBXN-007
D-MARÝN TURGUTREÝS YAT LÝMANI;TRBXN-008
PALMARÝNA BODRUM MARÝNA;TRBXN-009
Aðanlar Tersanesi Tekne Ýmal ve Çekek Yeri;TRBXN-010
ATM TEKNE ÝMAL VE ÇEKEK YERÝ;TRBXN-011
NETA MARÝNA TEKNE ÝMAL VE ÇEKEK YERÝ;TRBXN-012
YAT LÝFT ÇEKEK YERÝ;TRBXN-013
GÜLPINAR BALIKÇI BARINAÐI;TRBZC-001
GEYÝKLÝ YÜKYERÝ ÝSKELESÝ;TRBZC-002
1 NOLU DEMÝR SAHASI;TRBZC-003
2 NOLU DEMÝR SAHASI;TRBZC-004
3 NOLU DEMÝR SAHASI;TRBZC-005
GESTAÞ BOZCAADA LÝMANI;TRBZC-006
ALAÇATI YAT LÝMANI;TRCES-001
ALTINYUNUS SETUR YAT LÝMANI;TRCES-002
ÇEÞME LÝMANI SERBEST DEMÝR YERÝ;TRCES-003
ÇEÞME MARÝNA;TRCES-004
DALYAN YAT YANAÞMA YERÝ;TRCES-005
ULUSOY ÇEÞME LÝMANI;TRCES-006
SIÐACIK YAT LÝMANI;TRCES-007
AYVALIK BELEDÝYE VAPUR ÝSKELESÝ;TRCKZ-0001
ASKERÝ POL;TRCKZ-001
ÇANAKKALE AKÇANSA LÝMANI;TRCKZ-002
ÇANAKKALE BELEDÝYE YAT LÝMANI;TRCKZ-004
ÇANAKKALE FERÝBOT ÝSKELESÝ;TRCKZ-006
ÇANAKKALE KEPEZ LÝMANI;TRCKZ-007
GELÝBOLU TERSANESÝ;TRCKZ-009
GELÝBOLU TERSANESÝ;TRCKZ-009
TDÝ KABATEPE LÝMANI;TRCKZ-011
KABATEPE LÝMANI;TRCKZ-011
DÜZKOÇ - FALCON KEPEZ ÝSKELESÝ;TRCKZ-013
ÇANAKKALE BOTAÞ FAALÝYET ALANI;TRCKZ-014
KARANLIK LÝMAN DEMÝR SAHASI;TRCKZ-015
AKÇANSA DEMÝR SAHASI;TRCKZ-016
ÞEVKETÝYE DEMÝR SAHASI;TRCKZ-017
DATÇA KÖRMEN YAT LÝMANI;TRDAT-001
MERKEZ BALIKÇI BARINAÐI;TRDAT-002
KÖRMEN BALIKÇI BARINAÐI;TRDAT-003
PALAMUTBÜKÜ BALIKÇI BARINAÐI;TRDAT-004
MESUDÝYE BALIKÇI BARINAÐI;TRDAT-005
2 NOLU DEMÝR SAHASI;TRDAT-006
1 NOLU DEMÝR SAHASI;TRDAT-007
KAIROS YOLCU LÝMANI;TRDAT-008
DÝKÝLÝ LÝMANI;TRDIK-001
DÝKÝLÝ DEMÝRLEME SAHASI;TRDIK-002
2 NOLU DEMÝRLEME SAHASI;TREDO-001
KÜÇÜKKUYU BALIKÇI BARINAÐI;TREDO-002
ALTINOLUK BALIKCI BARINAÐI;TREDO-003
AKÇAY ÝSKELESÝ;TREDO-004
GESTAÞ KÜÇÜKKUYU YANAÞMA YERÝ;TREDO-005
BABAKALE BALIKCI BARINAÐI;TREDO-006
1 NOLU DEMÝRLEME SAHASI;TREDO-007
BOTAÞ SAROS FSRU TERMÝNALÝ;TRENE-001
BOTAÞ SAROS DEMÝRLEME SAHASI;TRENE-002
ERDEMÝR LÝMANI;TRERE-001
KARADENÝZ EREÐLÝ  BOZHANE LÝMANI;TRERE-002
ASKERÝ LÝMAN;TRERE-003
TERSANELER TEÇHÝZ LÝMAN;TRERE-004
1 NOLU DEMÝRLEME SAHASI;TRERE-005
2 NOLU DEMÝRLEME SAHASI;TRERE-006
3 NOLU DEMÝRLEME SAHASI;TRERE-007
4 NOLU DEMÝRLEME SAHASI;TRERE-008
MADENCÝ GEMÝ TERSANESÝ;TRERE-009
USTAMEHMETOÐLU GEMÝ TERSANESÝ;TRERE-010
USTAOÐLU GEMÝ TERSANESÝ;TRERE-011
EREÐLÝ GEMÝ TERSANESÝ;TRERE-012
FERÝ ÝSKELESÝ;TRERK-001
ANT TESÝSLERÝ;TRERK-002
FATSA BALIKÇI BARINAÐI    ;TRFAS-001
FATSA ÝSKELESÝ;TRFAS-002
1 NOLU DEMÝRLEME SAHASI;TRFAS-003
2 NOLU DEMÝRLEME SAHASI (TEHLÝKELÝ);TRFAS-004
ECE MARÝNA YAT LÝMANI;TRFET-001
FETHÝYE BELEDÝYE ÝSKELESÝ;TRFET-002
BU-BA INVEST MARÝNA;TRFET-003
1 NOLU DEMÝR SAHASI;TRFET-004
2 NOLU DEMÝR SAHASI;TRFET-005
3 NOLU DEMÝR SAHASI;TRFET-006
FÝNÝKE BARINMA YERÝ VE TURÝZM YAT LÝMANI  ( BALIKÇI TEKNELERÝ HÝZ;TRFIN-001
FÝNÝKE TURÝZM YAT LÝMANI;TRFIN-002
ÇAYAÐZI DEMÝR MEVKÝÝ;TRFIN-003
1 NOLU DEMÝRLEME SAHASI;TRFIN-004
2 NOLU DEMÝRLEME SAHASI;TRFIN-005
3 NOLU DEMÝRLEME SAHASI;TRFIN-006
ESKÝ FOÇA BALIKÇI BARINAÐI    ;TRFOC-001
FOÇA BELEDÝYE RIHTIMLARI;TRFOC-002
OASÝS MARÝNE YENÝ FOÇA;TRFOC-003
KALEKÖY BALIKÇI BARINAÐI;TRGCA-001
CLUP MARÝNA;TRGCK-001
D-MARÝN GÖCEK MARÝNA;TRGCK-002
MARINTÜRK VILLAGE PORT GÖCEK;TRGCK-003
MARÝNTÜRK EXCLUSIVE GÖCEK;TRGCK-004
POAÞ DALAMAN TERMÝNALÝ;TRGCK-005
MY MARÝNA;TRGCK-006
SKOPEA MARÝNA;TRGCK-007
BELEDÝYE YAT YANAÞMA YERÝ;TRGCK-008
3 NOLU DEMÝR SAHASI;TRGCK-009
2 NOLU DEMÝR SAHASI;TRGCK-010
1 NOLU DEMÝR SAHASI;TRGCK-011
4 NOLU DEMÝR SAHASI;TRGCK-012
EKÝNCÝK KOYU GEÇÝCÝ DEMÝR YERÝ;TRGCK-013
PORT AZURE;TRGCK-014
SAROS KÖRFEZÝ NATO TESÝSÝ;TRGEL-001
BORUSAN LÝMANI;TRGEM-001
BP GEMLÝK TERMÝNALÝ;TRGEM-002
BURULAÞ GEMLÝK ÝSKELESÝ;TRGEM-003
ÇINAR TERSANECÝLÝK SAN. VE TÝC. LTD. ÞTÝ.;TRGEM-004
GEMLÝK KÜÇÜKKUMLA ÝSKELESÝ;TRGEM-005
GEMPORT GEMLÝK LÝMAN TESÝSÝ;TRGEM-006
MKS MARMARA BORU HATTI VE ÞAMANDIRA SÝSTEMÝ (GEMLÝK);TRGEM-007
RODA GEMLÝK LÝMANI;TRGEM-008
FISTIKLI KÖYÜ BALIKÇI BARINAÐI;TRGEM-009
1 NOLU DEMÝRLEME SAHASI;TRGEM-010
2 NOLU DEMÝRLEME SAHASI;TRGEM-011
GÝRESUN LÝMANI;TRGIR-001
1 NOLU DEMÝRLEME SAHASI;TRGIR-002
2 NOLU DEMÝRLEME SAHASI;TRGIR-003
3 NOLU DEMÝRLEME SAHASI;TRGIR-004
4 NOLU DEMÝRLEME SAHASI;TRGIR-005
GÖRELE BALIKÇI BARINAÐI;TRGOR-001
EGESU GÜLLÜK MARÝNA;TRGUL-002
GÜLLÜK MANDALYA LÝMANI;TRGUL-003
KILIÇ DENÝZ ÜRÜNLERÝ ÝSKELESÝ;TRGUL-004
MANDALYA MARÝNA;TRGUL-005
GÖKOVA ÖREN MARÝNA;TRGUL-007
1 NOLU DEMÝR SAHASI;TRGUL-008
2 NOLU DEMÝR SAHASI;TRGUL-009
TERSAN TERSANECÝLÝK YAT TEKNE ÝMAL VE ÇEKEK YERÝ;TRGUL-010
UFUK DENÝZCÝLÝK YAT ÇEKEK YERÝ;TRGUL-011
ÇAVUÞLU TERSANESÝ;TRGUL-012
HOPA LÝMANI;TRHOP-001
1 NOLU DEMÝRLEME SAHASI;TRHOP-002
2 NOLU DEMÝRLEME SAHASI;TRHOP-003
3 NOLU DEMÝRLEME SAHASI;TRHOP-004
KIYIKÖY BALIKÇI BARINAÐI;TRIGN-001
1 NOLU DEMÝR YERÝ;TRIGN-002
2 NOLU DEMÝR YERÝ;TRIGN-003
3 NOLU DEMÝR YERÝ;TRIGN-004
ÝÐNEADA BALIKÇI BARINAÐI;TRIGN-005
ÝNEBOLU LÝMANI;TRINE-001
ÝNEBOLU LÝMANI DEMÝR SAHASI;TRINE-002
TEH.MAD.TAÞI.GEMÝ DEMÝR SAHASI;TRINE-003
ASSAN PORT ÝSKENDERUN;TRISK-001
ATAKAÞ LÝMAN TESÝSÝ;TRISK-002
AYGAZ A.Þ. DÖRTYOL TERMÝNALÝ;TRISK-003
BOTAÞ DÖRTYOL LÝMANI;TRISK-005
ÇEVLÝK BALIKÇI BARINAÐI;TRISK-007
EKÝNCÝLER ÝSKELESÝ;TRISK-008
GÜBRETAÞ ÝSKENDERUN LÝMANI;TRISK-009
ÝPRAGAZ A.Þ. DÖRTYOL STOKLAMA TERMÝNALÝ;TRISK-010
ÝSDEMÝR LÝMANI;TRISK-011
ÝSKENDERUN BALIKÇI BARINAÐI;TRISK-013
ÝSKENDERUN KARAYOLLARI ASFALT ÝSKELESÝ;TRISK-014
ÝSKENDERUN NATO ÞAMANDIRALARI;TRISK-015
LÝMAKPORT ÝSKENDERUN LÝMANI;TRISK-016
MÝLANGAZ A.Þ. DÖRTYOL TERMÝNALÝ;TRISK-017
MMK METALURJÝ ÝSKELESÝ;TRISK-018
PET GAZ A.Þ. LPG DEPOLAMA VE TÜP DOLUM TESÝSÝ;TRISK-019
PETROL OFÝSÝ A.Þ. ÝSKENDERUN TERMÝNALÝ;TRISK-020
GLOBAL TERMÝNAL HÝZMETLERÝ;TRISK-021
SARISEKÝ NATO ÝSKELESÝ;TRISK-023
SASA ÝSKENDERUN TANK SAHASI VE DOLUM TESÝSÝ TERMÝNALÝ;TRISK-024
YAZICILAR ÝSKELESÝ;TRISK-027
BYPORT PETROL TERMÝNALÝ;TRISK-028
TOSYALI LÝMANI;TRISK-029
1 NOLU DEMÝRLEME SAHASI;TRISK-031
2 NOLU DEMÝRLEME SAHASI (TEHLÝKELÝ YÜK);TRISK-032
3 NOLU DEMÝRLEME SAHASI;TRISK-033
4 NOLU DEMÝRLEME SAHASI;TRISK-034
5-A DEMÝRLEME SAHASI (LPG);TRISK-035
5-B DEMÝRLEME SAHASI (LNG);TRISK-036
6 NOLU DEMÝRLEME SAHASI;TRISK-037
7 NOLU DEMÝRLEME SAHASI (TEHLÝKELÝ YÜK);TRISK-038
HATAY DENÝZ OTOBÜSÜ ÝSKELESÝ;TRISK-039
GÜNEY WÝMBA DOLUM VE DEPOLAMA TERMÝNALÝ;TRISK-040
AHIRKAPI DEMÝR MEVKÝÝ;TRIST-001
ATAKÖY MARÝNA;TRIST-002
ÝSPARK ÝSTÝNYE TEKNE PARK;TRIST-003
ÝSPARK TARABYA TEKNE PARK;TRIST-004
KARAKÖY SALIPAZARI LÝMANI;TRIST-005
TDÝ SARAYBURNU RIHTIMI;TRIST-006
TCDD HAYDARPAÞA LÝMANI;TRIST-007
THY OPET YEÞÝLKÖY TERMÝNALÝ;TRIST-008
ZEYPORT LÝMANI;TRIST-009
TDÝ KURUÇEÞME RIHTIMI;TRIST-010
BOSTANCI ÝDO TERMÝNALÝ;TRIST-011
YENÝKAPI ÝDO TERMÝNALÝ;TRIST-012
ÝSTANBUL YENÝ HAVA LÝMANI AKARYAKIT ÝKMAL TERMÝNALÝ;TRIST-013
BAKIRKÖY ÝDO TERMÝNALÝ;TRIST-014
MALTEPE ÝDO TERMÝNALÝ;TRIST-015
TÜRKELÝ DEMÝR MEVKÝÝ;TRIST-016
HALÝÇ TERSANESÝ;TRIST-017
ALSANCAK LÝMANI;TRIZM-001
DEMÝR VE TCDD ÝZMÝR ALS.LÝMANI;TRIZM-002
LEVENT MARÝNA;TRIZM-003
ADMARÝN TERSANESÝ;TRIZT-001
AKTAÞ TANK TERMÝNALÝ;TRIZT-002
ALTINOVA TERSANESÝ;TRIZT-003
ALTINTAÞ TERSANECÝLÝK;TRIZT-004
ALTINTEL LÝMAN VE TERMÝNALÝ;TRIZT-005
ASLAN ÇÝMENTO LÝMANI;TRIZT-006
AUTOPORT LÝMANI;TRIZT-007
BAYRAMOÐLU ÝSKELESÝ;TRIZT-008
BELDEPORT;TRIZT-009
BEÞÝKTAÞ TERSANESÝ;TRIZT-010
CEMRE TERSANESÝ;TRIZT-011
ÇAYIROVA CAM SANAYÝ ÝSKELESÝ;TRIZT-012
ÇOLAKOÐLU METALURJÝ LÝMAN TESÝSÝ;TRIZT-013
DÝLER DEMÝR ÇELÝK ENDÜSTRÝ VE TÝC. A.Þ. LÝMANI;TRIZT-014
DP WORLD YARIMCA KONTEYNER TERMÝNALÝ;TRIZT-015
DÜZGÝT TERSANESÝ;TRIZT-016
AK YAHCT YATÇILIK SAN. TÝC. A.Þ.;TRIZT-017
EFESANPORT LÝMAN TESÝSÝ;TRIZT-018
ESKÝHÝSAR DEMÝR;TRIZT-019
EVYAPPORT KÝRAZLIYALI LÝMANI;TRIZT-020
FORD OTOSAN YENÝKÖY ÝSKELESÝ;TRIZT-021
GÜBRETAÞ YARIMCA LÝMANI;TRIZT-022
HABAÞ TÜTÜNÇÝFTLÝK PLATFORMU;TRIZT-023
HATSAN TERSANESÝ;TRIZT-024
ÝGSAÞ LÝMANI;TRIZT-025
ÝZMÝT DEMÝR;TRIZT-026
KOCATEPE TERSANESÝ;TRIZT-027
KORUMA KLOR ÝSKELESÝ;TRIZT-028
KROMAN ÇELÝK A.Þ. LÝMAN TESÝSLERÝ;TRIZT-029
KURBAN TERSANESÝ;TRIZT-030
LÝMAÞ LÝMANI;TRIZT-031
MÝLANGAZ DOLUM TESÝSÝ;TRIZT-032
NACÝ SELÝMOÐLU TERSANESÝ;TRIZT-033
NORTHSTAR+E171:E213 TERSANESÝ;TRIZT-034
NUH ÇÝMENTO SANAYÝ A.Þ. LÝMAN TESÝSÝ;TRIZT-035
OP-AY PLATFORM ÝSKELE;TRIZT-036
ÖZATA TERSANESÝ;TRIZT-037
PETLÝNE PLATFORMU VE BORU HATTI;TRIZT-038
PETROL OFÝSÝ A.Þ. DERÝNCE TERMÝNALÝ;TRIZT-039
POLÝPORT LÝMANI;TRIZT-040
ROTA LÝMANI;TRIZT-041
SAFÝ DERÝNCE LÝMANI;TRIZT-042
SEFÝNE TERSANESÝ;TRIZT-043
SHELL DERÝNCE TERMÝNALÝ;TRIZT-044
ÇÝMTAÞ GEMÝ ÝNÞAA;TRIZT-045
SOLVENTAÞ TEKNÝK DEPOLAMA A.Þ.;TRIZT-046
TOTAL OÝL TÜRKÝYE DOLFEN TESÝSÝ;TRIZT-047
TURKUAZ- ÝZGÝN TERMÝNALÝ;TRIZT-048
TÜPRAÞ ÝZMÝT RAFÝNERÝSÝ LÝMANI;TRIZT-049
TÜRKOÐLU TERSANESÝ;TRIZT-050
ATLAS TERSANESÝ;TRIZT-051
UZMAR TERSANESÝ;TRIZT-052
YARIMCA DEMÝR;TRIZT-053
YAÞARSAN TERSANESÝ;TRIZT-054
YATCHLEY GEMÝ YAPIM;TRIZT-055
YILPORT KONTEYNER TERMÝNALÝ VE LÝMANI;TRIZT-056
ÝDO ESKÝHÝSAR ÝSKELESÝ;TRIZT-057
HEREKE KURUYÜK DEMÝR YERÝ;TRIZT-058
HEREKE SIVIYÜK DEMÝR YERÝ;TRIZT-059
YILDIZ ENTEGRE LÝMAN TESÝSÝ;TRIZT-060
PORT YARIMCA;TRIZT-062
TURQUOISE SHIPYARD YAT VE GEMÝ SAN. A.Þ.;TRIZT-063
NORSE TERSANECÝLÝK SAN.TÝC.A.Þ.;TRIZT-064
UM TERSANESÝ;TRIZT-065
VEGA YATÇILIK (SERBEST BÖLGE);TRIZT-066
KAÞ YAT LÝMANI;TRKAS-001
1 NOLU DEMÝRLEME SAHASI;TRKAS-002
2 NOLU DEMÝRLEME SAHASI;TRKAS-003
3 NOLU DEMÝRLEME SAHASI;TRKAS-004
4 NOLU DEMÝRLEME SAHASI (Demre);TRKAS-005
CENAL KARABÝGA ÝSKELESÝ;TRKRB-001
ÝÇDAÞ TERSANE (TEÇHÝZ RIHTIMI);TRKRB-0010
ÝÇDAÞ-1 (DEÐÝRMENCÝK);TRKRB-002
ÝÇDAÞ-2 (BEKÝRLÝ);TRKRB-003
KARABÝGA BELEDÝYE LÝMANI;TRKRB-004
ÝÇDAÞ TERSANE (KURU HAVUZ);TRKRB-006
1 NOLU DEMÝRLEME SAHASI;TRKRB-007
2 NOLU (TEHLÝKELÝ) DEMÝRLEME SAHASI;TRKRB-008
3 NOLU DEMÝRLEME SAHASI;TRKRB-009
1 NOLU DEMÝR SAHASI;TRKRT-001
2 NOLU DEMÝR SAHASI;TRKRT-002
KUÞADASI YOLCU LÝMANI;TRKUS-001
D-MARÝN DÝDÝM MARÝNA;TRKUS-002
SETUR KUÞADASI MARÝNA;TRKUS-003
1 NOLU DEMÝRLEME SAHASI;TRKUS-004
2 NOLU DEMÝRLEME SAHASI (TEHLÝKELÝ YÜK);TRKUS-005
AKPET AKARYAKIT MERSÝN TERMÝNALÝ;TRMER-001
ALPET MERSÝN DOLUM TESÝSÝ;TRMER-002
ATAÞ MERSÝN TERMÝNALÝ;TRMER-003
LÝMAN DIÞI DEMÝR;TRMER-004
LÝMAN ÝÇÝ DEMÝR;TRMER-005
MERSÝN SERBEST BÖLGE RIHTIMI;TRMER-006
MIP MERSÝN LÝMANI;TRMER-007
NERGÝS MERSÝN TERMÝNALÝ;TRMER-008
OPET MERSÝN TERMÝNALÝ;TRMER-009
PETROL OFÝSÝ A.Þ.  MERSÝN TERMÝNALÝ;TRMER-010
ENERJÝ MERSÝN TERMÝNALÝ;TRMER-011
MERSÝN KUMKUYU YAT LÝMANI;TRMER-012
SAVKA MERSÝN TERMÝNALÝ;TRMER-013
EUROÝL KAZANLI MERSÝN TERMÝNALÝ;TRMER-014
TURKÝS ENERJÝ MERSÝN TERMÝNALÝ;TRMER-015
MARMARA ADASI ERS ÝSKELESÝ;TRMRA-001
SARAYLAR BELEDÝYE LÝMANI;TRMRA-002
YAYLA MOZAÝK ÝSKELESÝ;TRMRA-003
TUNA MADENCÝLÝK ÝSKELESÝ;TRMRA-004
MARMARA ADASI ÝSKELESÝ;TRMRA-005
AVÞA ÝSKELESÝ;TRMRA-006
PAÞALÝMANI ÝSKELESÝ;TRMRA-007
EKÝNLÝK ÝSKELESÝ;TRMRA-008
ÇINARLI ÝSKELESÝ;TRMRA-009
BADALAN RIHTIMI (Marmara Birleþik Madencilik);TRMRA-010
1 NOLU SARAYLAR DEMÝRLEME SAHASI;TRMRA-011
2 NOLU GÜNDOÐDU DEMÝRLEME SAHASI;TRMRA-012
MY MARÝNA YAT YANAÞMA YERÝ;TRMRM-001
ALBATROS MARÝNA;TRMRM-002
MARTI MARINA;TRMRM-003
MARMARÝS LÝMANI;TRMRM-004
NETSEL MARMARÝS MARÝNA;TRMRM-005
MARMARÝS ADAKÖY MARÝNA;TRMRM-006
EGESU MARÝNA (PORT ÝASOS);TRMRM-007
AKSAZ;TRMRM-008
1 NOLU DEMÝRLEME SAHASI;TRMRM-009
2 NOLU DEMÝRLEME SAHASI (ASKERÝ);TRMRM-010
BURULAÞ MUDANYA ÝSKELESÝ;TRMUD-001
ÝDO GÜZELYALI ÝSKELESÝ;TRMUD-002
1 NOLU DEMÝRLEME SAHASI;TRORD-001
2 NOLU (TEHLÝKELÝ MADDE) DEMÝRLEME SAHASI;TRORD-002
3 NOLU (UZUN SÜRELÝ) DEMÝRLEME SAHASI;TRORD-003
ÇAYELÝ LÝMANI;TRRIZ-001
RÝZE LÝMANI;TRRIZ-002
RÝZE LÝMANI DEMÝR SAHASI;TRRIZ-003
SÝNOP LÝMANI DEMÝR SAHASI;TRSIC-001
SÝNOP LÝMANI;TRSIC-002
DEMÝRLEME SAHASI;TRSIL-001
ALTINBAÞ PETROL VE TÝCARET A.Þ. (ALPET) DOLUM TESÝSÝ;TRSSX-001
AYGAZ SAMSUN TERMÝNALÝ;TRSSX-002
LÝKÝTGAZ SAMSUN DOLUM VE DEPOLAMA TERMÝNALÝ;TRSSX-003
PETROL OFÝSÝ A.Þ. SAMSUN TERMÝNALÝ;TRSSX-004
SAMSUNPORT;TRSSX-005
TOROS TARIM SAMSUN LÝMANI;TRSSX-006
AKPET AKARYAKIT SAMSUN TERMÝNALÝ;TRSSX-007
SADAÞ SAMSUN TERMÝNALÝ;TRSSX-008
YEÞÝLYURT LÝMANI;TRSSX-009
YAKAKENT BALIKÇI BARINAÐI;TRSSX-010
DEREKÖY BALIKÇI BARINAÐI;TRSSX-011
BELEDÝYE EVLERÝ BALIKÇI BARINAÐI;TRSSX-012
LÝMAN ÝÇÝ DEMÝR MEVKÝÝ;TRSSX-013
ETÝ BAKIR KIYI TESÝSÝ;TRSSX-014
TERME TERSANESÝ;TRSSX-015
1 NOLU DEMÝR SAHASI (LÝMAN ÝÇÝ 1000 GRT KÜÇÜK);TRSSX-016
2 NOLU DEMÝR SAHASI (5000 GRT KÜÇÜK);TRSSX-017
3 NOLU DEMÝR SAHASI (+5000 GRT);TRSSX-018
4 NOLU DEMÝR SAHASI (TEHLÝKELÝ YÜK);TRSSX-019
MBT KÝMYA SAMSUN LÝMANI;TRSSX-020
YENÝÇAM TERSANE RIHTIMI;TRSUR-001
1 NOLU DEMÝRLEME SAHASI;TRSUR-002
2 NOLU DEMÝRLEME SAHASI;TRSUR-003
3 NOLU DEMÝRLEME SAHASI;TRSUR-004
4 NOLU DEMÝRLEME SAHASI;TRSUR-005
5 NOLU DEMÝRLEME SAHASI;TRSUR-006
YEÞÝLOVACIK LÝMANI TAÞUCU;TRTAS-001
TAÞUCU BALIKÇI BARINAÐI, FERÝBOT VE YAT YANAÞMA ÝSKELESÝ;TRTAS-002
CEYPORT TAÞUCU ULUSLARARASI LÝMAN ÝÞL.A.Þ.;TRTAS-003
AÐALAR LÝMANI NATO ÝSKELESÝ;TRTAS-004
KILIÇ DENÝZ ÜRÜNLERÝ BALIK ÇÝFTLÝÐÝ;TRTAS-005
YEÞÝLOVACIK BALIKÇI BARINAÐI;TRTAS-006
AKKUYU DOÐU KARGO TERMÝNALÝ;TRTAS-007
1 NOLU DEMÝR SAHASI;TRTAS-008
2 NOLU DEMÝR SAHASI(TEHLÝKELÝ MADDE);TRTAS-009
YEÞÝLOVACIK LÝMANI DEMÝRLEME SAHASI;TRTAS-010
ARGAZ LPG DEPOLAMA TESÝSÝ;TRTEK-001
ASYAPORT;TRTEK-002
BOTAÞ LNG TERMÝNALÝ ÝSKELESÝ;TRTEK-003
BÜTANGAZ TRAKYA DEPOLAMA TERMÝNALÝ;TRTEK-004
MARMARA DEPOCULUK HÝZ. A.Þ. BORU HATTI DOLFEN SÝSTEMÝ;TRTEK-005
MARTAÞ MARMARA EREÐLÝSÝ LÝMAN TESÝSÝ;TRTEK-006
LÝKÝTGAZ MARMARA EREÐLÝSÝ DEPOLAMA VE DOLUM TERMÝNALÝ;TRTEK-007
OPET PETROLCÜLÜK A.Þ. MARMARA TERMÝNALÝ;TRTEK-008
TDÝ TEKÝRDAÐ LÝMANI;TRTEK-009
TMO GENEL MÜDÜRLÜÐÜ TEKÝRDAÐ ÝSKELESÝ;TRTEK-010
1 NOLU DEMÝRLEME SAHASI;TRTEK-011
2 NOLU DEMÝRLEME SAHASI;TRTEK-012
3 NOLU DEMÝRLEME SAHASI;TRTEK-013
4 NOLU DEMÝRLEME SAHASI;TRTEK-014
5 NOLU DEMÝRLEME SAHASI;TRTEK-015
6 NOLU DEMÝRLEME SAHASI;TRTEK-016
7 NOLU DEMÝRLEME SAHASI;TRTEK-017
ÞARKÖY BALIKÇI BARINAÐI;TRTEK-018
MÜREFTE BALIKÇI BARINAÐI;TRTEK-019
HOÞKÖY BALIKÇI BARINAÐI;TRTEK-020
KUMBAÐ  BALIKÇI BARINAÐI;TRTEK-021
BARBAROS BALIKÇI BARINAÐI;TRTEK-022
TEKÝRDAÐ BALIKÇI BARINAÐI;TRTEK-023
MARMARA EREÐLÝSÝ BALIKÇI BARINAÐI;TRTEK-024
BOTAÞ FAALÝYET ALANI;TRTEK-025
LÝKÝTPORT TERMÝNALÝ;TRTEK-026
TÝREBOLU BALIKÇI BARINAÐI;TRTIR-001
KARADENÝZ LPG TERMÝNALÝ;TRTIR-002
OPET ESPÝYE TERMÝNALÝ;TRTIR-003
1 NOLU DEMÝRLEME SAHASI;TRTIR-004
2 NOLU DEMÝRLEME SAHASI;TRTIR-005
3 NOLU DEMÝRLEME SAHASI;TRTIR-006
POAÞ TRABZON TERMÝNALÝ;TRTZX-001
TRABZON LÝMANI;TRTZX-002
AYTEMÝZ TRABZON TERMÝNALÝ;TRTZX-003
1 NOLU DEMÝRLEME SAHASI;TRTZX-005
2 NOLU DEMÝRLEME SAHASI (TEHLÝKELÝ YÜK);TRTZX-006
3 NOLU DEMÝRLEME SAHASI (UZUN SÜRE);TRTZX-007
ÜNYE LÝMANI;TRUNY-001
1 NOLU DEMÝRLEME SAHASI;TRUNY-002
2 NOLU DEMÝRLEME SAHASI (TEHLÝKELÝ);TRUNY-003
ÜNYE TERSANESÝ;TRUNY-004
YALOVA RO-RO TERMÝNALÝ;TRYAL-001
ETERPARK YALOVA TERMÝNALÝ;TRYAL-002
SETUR YALOVA YAT LÝMANI;TRYAL-003
AKSA AKRÝLÝK LÝMANI;TRYAL-004
TAVÞANLI BELEDÝYE ÝSKELESÝ;TRYAL-005
ÖZATA TERSANESÝ;TRYAL-006
SANMAR DENÝZCÝLÝK TERSANESÝ;TRYAL-007
TERSAN TERSANESÝ;TRYAL-008
1 NOLU DEMÝR SAHASI;TRYAL-009
2 NOLU DEMÝR SAHASI;TRYAL-010
GÝSAN ALTINOVA TERSANESÝ;TRYAL-012
GÝRGÝN KALE TERSANESÝ;TRYAL-013
GEMAK TERSANESÝ;TRYAL-014
PARK TERSANESÝ;TRYAL-015
DOÐRUYOL TERSANECÝLÝK;TRYAL-016
CEMRE TERSANESÝ;TRYAL-017
ÇAKIRLAR TERSANESÝ;TRYAL-018
BEÞÝKTAÞ TERSANESÝ;TRYAL-019
ARI TERSANESÝ;TRYAL-020
ALTINOVA TERSANESÝ;TRYAL-021
KAMER MARINE TERSANESÝ;TRYAL-023
SEFÝNE TERSANESÝ;TRYAL-024
KUZEY STAR TERSANESÝ;TRYAL-025
KARADENÝZ HOLDÝNG TERSANESÝ;TRYAL-027
EROL ÞENKAYA TERSANESÝ;TRYAL-028
AYKIN TERSANECÝLÝK;TRYAL-029
GÖK DENÝZCÝLÝK YALOVA TAVÞANLI;TRYAL-033
HATSAN TERSANESÝ;TRYAL-034
HÝCRÝ ERCÝLÝ TERSANECÝLÝK;TRYAL-035
TOPÇULAR ARABALI VAPUR ÝSKELESÝ;TRYAL-036
YALOVA HIZLI FERÝBOT ÝSKELESÝ;TRYAL-037
ÇINARCIK BALIKÇI BARINAÐI;TRYAL-038
ESENKÖY BALIKÇI BARINAÐI;TRYAL-039
MERKEZ BALIKÇI BARINAÐI;TRYAL-040
YALOVA TEÞVÝKÝYE ÝSKELESÝ;TRYAL-041
YALOVA KOCADERE ÝSKELESÝ;TRYAL-042
ESENKÖY BALIKCI BARINAÐI;TRYAL-043
DEREAÐZI BALIKÇI BARINAÐI;TRYAL-044
YÜKSEL TERSANESÝ;TRYAL-045
SELTAÞ TERSANESÝ;TRYAL-046
ARÝF KALKAVANOÐLU TERSANESÝ;TRYAL-047
GÜRDESAN TERSANESÝ;TRYAL-048
BOÐAZÝÇÝ TERSANESÝ;TRYAL-049
HERÇELÝK TERSANESÝ;TRYAL-050
ICT YAT TERSANESÝ;TRYAL-051
DEN-TA DENÝZCÝLÝK TERSANESÝ;TRYAL-053
ÝDO MERKEZ DENÝZ OTOBÜSÜ ÝSKELESÝ;TRYAL-054
KORUKÖY BALIKÇI BARINAÐI;TRYAL-055
CEMRE MÜHENDÝSLÝK TERSANESÝ;TRYAL-056
HERSEK TERSANESÝ;TRYAL-057
KARSAN TERSANESÝ;TRYAL-058
ÝDO ÇINARCIK DENÝZ OTOBÜSÜ ÝSKELESÝ;TRYAL-059
ÖZATA DENÝZCÝLÝK TERSANESÝ;TRYAL-060
BÝLGÝN YATÇILIK TERSANESÝ;TRYAL-061
TISG TURKEY YAT TERSANECÝLÝK A.Þ.;TRYAL-062
YALOVA GEMÝ TERSANECÝLÝK;TRYAL-063
EREN LÝMANI;TRZON-001
TTK ZONGULDAK LÝMANI;TRZON-002
FÝLYOS LÝMANI;TRZON-003
FÝLYOS TÜRKÝYE PETROLLERÝ LÝMANI;TRZON-004
1-A DEMÝR SAHASI;TRZON-005
1-B DEMÝR SAHASI;TRZON-006
2-A DEMÝR SAHASI;TRZON-007
2-B DEMÝR SAHASI;TRZON-008
3-A DEMÝR SAHASI;TRZON-009
3-B DEMÝR SAHASI;TRZON-010
DEMÝR SAHASI;TR002-001
BAÐIRGANLI BALIKÇI BARINAÐI;TR002-002
KEFKEN BALIKÇI BARINAÐI;TR002-003
DEMÝR SAHASI;TR003-001
SUGÖZÜ ENERJÝ SANTRALÝ ÝSKELESÝ;TR01M-001
SANKO LÝMAN TESÝSÝ;TR01M-002
BOTAÞ CEYHAN TERMÝNALÝ;TR01M-003
BTC HAYDAR ALÝYEV DENÝZ TERMÝNALÝ;TR01M-004
SÖNMEZ ÇÝMENTO LÝMAN TESÝSÝ;TR01M-005
AKDENÝZ GEMÝ ÝNÞA TERSANESÝ;TR01M-006
TOROS TARIM CEYHAN TERMÝNALÝ;TR01M-007
EMBA LÝMANI;TR01M-008
1 NOLU  DEMÝR SAHASI (TEHLÝKELÝ YÜK TAÞIYANLAR);TR01M-009
2 NOLU  DEMÝR SAHASI;TR01M-010
3 NOLU  DEMÝR SAHASI;TR01M-011
4 NOLU  DEMÝR SAHASI;TR01M-012
CÝDE DEMÝR BÖLGESÝ;TR027-001
KARASU LÝMANI;TR039-001
DEMÝRLEME SAHASI;TR039-002
ANADOLU TERSANESÝ;TR092-001
ARGEM TERSANECÝLÝK;TR092-002
ÇEKSAN TERSANESÝ;TR092-003
ÇÝNDEMÝR TERSANESÝ;TR092-005
DEARSAN TERSANESÝ;TR092-006
NEWPORT SHIPPING;TR092-007
DENTAÞ TERSANESÝ;TR092-008
DESAN TERSANESÝ;TR092-009
DESAN TERSANESÝ KÜÇÜK HAVUZ;TR092-010
GEMAK TERSANESÝ;TR092-011
GEMDOK;TR092-012
GEMTÝÞ TERSANESÝ;TR092-013
GÝSAN GEMÝ ÝNÞA SANAYÝ VE TÝC;TR092-014
GÝSAÞ RIHTIMI;TR092-015
HÝDRODÝNAMÝK TERSANESÝ;TR092-016
ÝSTANBUL TERSANESÝ;TR092-017
PENDÝK ASKERÝ TERSANE;TR092-019
SEDEF GEMÝ ÝNÞAA AÞ.;TR092-021
ADA TERSANESÝ (2. TESÝS);TR092-022
ÞAHÝN ÇELÝK TERSANESÝ;TR092-024
DENTAÞ TERSANESÝ ÝSTANBUL ÞB.;TR092-025
TORLAK TERSANESÝ;TR092-026
TUZLA DEMÝR;TR092-028
TUZLA GEMÝ END.TERSANESÝ;TR092-029
TUZLA TERSANECÝLÝK VE TURÝZM;TR092-030
TÜRKTER TERSANESÝ;TR092-031
UN RO-RO PENDÝK TERMÝNALÝ;TR092-032
YARDGEM TERSANESÝ;TR092-033
ART GEMÝ ÝNÞA VE TERSANECÝLÝK HÝZMETLERÝ A.Þ. (1. TESÝS);TR092-034
YILDIRIM TERSANESÝ;TR092-035
TUZLA VÝAPORT MARÝNA;TR092-036
KARTAL KUMCULAR ÝSKELELERÝ;TR092-037
ASTAÞ ASLAN TERSANECÝLÝK;TR092-038
ÇELÝKTRANS TERSANESÝ;TR092-039
AYKIN TERSANESÝ;TR092-040
ARKADAÞ TEKNE ÝMAL;TR092-041
ADA TERSANESÝ (1. TESÝS);TR092-042
YONCA ONUK TEKNE ÝMAL;TR092-043
YILDIZ TERSANESÝ;TR092-044
URSA TERSANESÝ;TR092-045
TUZLA ÝDO TERMÝNALÝ;TR092-046
TUZLA DLH LÝMANI;TR092-047
TUZLA BELEDÝYE ÝSKELESÝ;TR092-048
TURQUOISE YAT;TR092-049
TERSAN TERSANESÝ;TR092-050
SS YENÝ TÝC.TUR.DZ.ARÇ.YP.KOOP;TR092-051
SNR GEMÝ ÝNÞA TERSANESÝ;TR092-052
SELAHATTÝN TELCÝ TERSANESÝ;TR092-053
SANMAR TERSANESÝ;TR092-054
RMK MARINE TERSANESÝ;TR092-055
PIRLANT YAT ÇEKEK;TR092-056
ANADOLU PORT;TR092-057
PENDÝK ÝDO TERMÝNALÝ;TR092-058
ÖZKARADENÝZ TERSANESÝ;TR092-059
NESA TERSANESÝ;TR092-060
KPT TERSANESÝ;TR092-062
KARTAL ÝDO TERMÝNALÝ;TR092-063
KARTAL DEMÝR YERÝ;TR092-064
ÝSTANBUL DZ. GEMÝ ÝNÞ.TERSANESÝ;TR092-065
ART GEMÝ ÝNÞA VE TERSANECÝLÝK HÝZMETLERÝ A.Þ. (2. TESÝS);TR092-066
ENGÝN DENÝZCÝLÝK ÝÞLETMESÝ SAN;TR092-067
ENGÝN DENÝZCÝLÝK TERSANESÝ;TR092-068
ERKAL TERSANESÝ;TR092-069
PENDÝK MARÝNTÜRK MARÝNA;TR092-070
Tuzlaport Tersanesi;TR092-071
POLI SHIPYARD TERSANESÝ;TR092-072
